features,skew,skew_new
Age,0.5012646700340619,0.5012646700340619
RoomService,5.609480657471832,1.1248563451974234
FoodCourt,6.994925985828386,1.143038302560027
ShoppingMall,6.899589944336017,1.2128735028969835
Spa,7.7786519232629345,1.1381087369217724
VRDeck,8.462827235328652,1.2577830091838293
